"Movie_Name","Movie_Original_Name","Movie_Original_Name_url","Movie_Cast","Movie_Score","Movie_Slogan","Movie_Comments"
"肖申克的救赎","/ The Shawshank Redemption","https://movie.douban.com/subject/1292052/","导演: 弗兰克·德拉邦特 Frank Darabont 主演: 蒂姆·罗宾斯 Tim Robbins /...
1994 / 美国 / 犯罪 剧情","9.6","希望让人自由。","1161798人评价"
"霸王别姬","","","导演: 陈凯歌 Kaige Chen 主演: 张国荣 Leslie Cheung / 张丰毅 Fengyi Zha...
1993 / 中国大陆 香港 / 剧情 爱情 同性","9.6","风华绝代。","849059人评价"
"这个杀手不太冷","/ Léon","https://movie.douban.com/subject/1295644/","导演: 吕克·贝松 Luc Besson 主演: 让·雷诺 Jean Reno / 娜塔莉·波特曼 ...
1994 / 法国 / 剧情 动作 犯罪","9.4","怪蜀黍和小萝莉不得不说的故事。","1072106人评价"
"阿甘正传","/ Forrest Gump","https://movie.douban.com/subject/1292720/","导演: Robert Zemeckis 主演: Tom Hanks / Robin Wright Penn / Gary Sinise
1994 / 美国 / 剧情 爱情","9.4","一部美国近现代史。","916813人评价"
"美丽人生","/ La vita è bella","https://movie.douban.com/subject/1292063/","导演: 罗伯托·贝尼尼 Roberto Benigni 主演: 罗伯托·贝尼尼 Roberto Beni...
1997 / 意大利 / 剧情 喜剧 爱情 战争","9.5","最美的谎言。","535077人评价"
"泰坦尼克号","/ Titanic","https://movie.douban.com/subject/1292722/","导演: 詹姆斯·卡梅隆 James Cameron 主演: 莱昂纳多·迪卡普里奥 Leonardo...
1997 / 美国 / 剧情 爱情 灾难","9.3","失去的才是永恒的。","852720人评价"
"千与千寻","/ 千と千尋の神隠し","https://movie.douban.com/subject/1291561/","导演: 宫崎骏 Hayao Miyazaki 主演: 柊瑠美 Rumi Hîragi / 入野自由 Miy...
2001 / 日本 / 剧情 动画 奇幻","9.3","最好的宫崎骏，最好的久石让。","849365人评价"
"辛德勒的名单","/ Schindler's List","https://movie.douban.com/subject/1295124/","导演: 史蒂文·斯皮尔伯格 Steven Spielberg 主演: 连姆·尼森 Liam Neeson...
1993 / 美国 / 剧情 历史 战争","9.4","拯救一个人，就是拯救整个世界。","482548人评价"
"盗梦空间","/ Inception","https://movie.douban.com/subject/3541415/","导演: 克里斯托弗·诺兰 Christopher Nolan 主演: 莱昂纳多·迪卡普里奥 Le...
2010 / 美国 英国 / 剧情 科幻 悬疑 冒险","9.3","诺兰给了我们一场无法盗取的梦。","937649人评价"
"机器人总动员","/ WALL·E","https://movie.douban.com/subject/2131459/","导演: 安德鲁·斯坦顿 Andrew Stanton 主演: 本·贝尔特 Ben Burtt / 艾丽...
2008 / 美国 / 爱情 科幻 动画 冒险","9.3","小瓦力，大人生。","620473人评价"
"忠犬八公的故事","/ Hachi: A Dog's Tale","https://movie.douban.com/subject/3011091/","导演: 莱塞·霍尔斯道姆 Lasse Hallström 主演: 理查·基尔 Richard Ger...
2009 / 美国 英国 / 剧情","9.3","永远都不能忘记你所爱的人。","601672人评价"
"三傻大闹宝莱坞","/ 3 Idiots","https://movie.douban.com/subject/3793023/","导演: 拉库马·希拉尼 Rajkumar Hirani 主演: 阿米尔·汗 Aamir Khan / 卡...
2009 / 印度 / 剧情 喜剧 爱情 歌舞","9.2","英俊版憨豆，高情商版谢耳朵。","840684人评价"
"海上钢琴师","/ La leggenda del pianista sull'oceano","https://movie.douban.com/subject/1292001/","导演: 朱塞佩·托纳多雷 Giuseppe Tornatore 主演: 蒂姆·罗斯 Tim Roth / ...
1998 / 意大利 / 剧情 音乐","9.2","每个人都要走一条自己坚定了的路，就算是粉身碎骨。","705403人评价"
"放牛班的春天","/ Les choristes","https://movie.douban.com/subject/1291549/","导演: 克里斯托夫·巴拉蒂 Christophe Barratier 主演: 杰拉尔·朱诺 Géra...
2004 / 法国 瑞士 德国 / 剧情 音乐","9.2","天籁一般的童声，是最接近上帝的存在。","574700人评价"
"大话西游之大圣娶亲","/ 西遊記大結局之仙履奇緣","https://movie.douban.com/subject/1292213/","导演: 刘镇伟 Jeffrey Lau 主演: 周星驰 Stephen Chow / 吴孟达 Man Tat Ng...
1995 / 香港 中国大陆 / 喜剧 爱情 奇幻 冒险","9.2","一生所爱。","632257人评价"
"楚门的世界","/ The Truman Show","https://movie.douban.com/subject/1292064/","导演: 彼得·威尔 Peter Weir 主演: 金·凯瑞 Jim Carrey / 劳拉·琳妮 Lau...
1998 / 美国 / 剧情 科幻","9.2","如果再也不能见到你，祝你早安，午安，晚安。","609813人评价"
"教父","/ The Godfather","https://movie.douban.com/subject/1291841/","导演: 弗朗西斯·福特·科波拉 Francis Ford Coppola 主演: 马龙·白兰度 M...
1972 / 美国 / 剧情 犯罪","9.2","千万不要记恨你的对手，这样会让你失去理智。","425489人评价"
"龙猫","/ となりのトトロ","https://movie.douban.com/subject/1291560/","导演: 宫崎骏 Hayao Miyazaki 主演: 日高法子 Noriko Hidaka / 坂本千夏 Ch...
1988 / 日本 / 动画 奇幻 冒险","9.1","人人心中都有个龙猫，童年就永远不会消失。","521575人评价"
"星际穿越","/ Interstellar","https://movie.douban.com/subject/1889243/","导演: 克里斯托弗·诺兰 Christopher Nolan 主演: 马修·麦康纳 Matthew Mc...
2014 / 美国 英国 加拿大 冰岛 / 剧情 科幻 冒险","9.2","爱是一种力量，让我们超越时空感知它的存在。","629301人评价"
"熔炉","/ 도가니","https://movie.douban.com/subject/5912992/","导演: 黄东赫 Dong-hyuk Hwang 主演: 孔侑 Yoo Gong / 郑有美 Yu-mi Jeong ...
2011 / 韩国 / 剧情","9.2","我们一路奋战不是为了改变世界，而是为了不让世界改变我们。","352727人评价"
"无间道","/ 無間道","https://movie.douban.com/subject/1307914/","导演: 刘伟强 / 麦兆辉 主演: 刘德华 / 梁朝伟 / 黄秋生
2002 / 香港 / 剧情 犯罪 悬疑","9.1","香港电影史上永不过时的杰作。","516507人评价"
"触不可及","/ Intouchables","https://movie.douban.com/subject/6786002/","导演: 奥利维·那卡什 Olivier Nakache / 艾力克·托兰达 Eric Toledano 主...
2011 / 法国 / 剧情 喜剧","9.2","满满温情的高雅喜剧。","453658人评价"
"当幸福来敲门","/ The Pursuit of Happyness","https://movie.douban.com/subject/1849031/","导演: 加布里尔·穆奇诺 Gabriele Muccino 主演: 威尔·史密斯 Will Smith ...
2006 / 美国 / 剧情 传记 家庭","9.0","平民励志片。","674968人评价"
"乱世佳人","/ Gone with the Wind","https://movie.douban.com/subject/1300267/","导演: 维克多·弗莱明 Victor Fleming / 乔治·库克 George Cukor 主演: 费...
1939 / 美国 / 剧情 历史 爱情 战争","9.2","Tomorrow is another day.","325166人评价"
"怦然心动","/ Flipped","https://movie.douban.com/subject/3319755/","导演: 罗伯·莱纳 Rob Reiner 主演: 玛德琳·卡罗尔 Madeline Carroll / 卡...
2010 / 美国 / 剧情 喜剧 爱情","9.0","真正的幸福是来自内心深处。","723879人评价"
"疯狂动物城","/ Zootopia","https://movie.douban.com/subject/25662329/","导演: 拜伦·霍华德 Byron Howard / 瑞奇·摩尔 Rich Moore 主演: 金妮弗·...
2016 / 美国 / 喜剧 动画 冒险","9.1","迪士尼给我们营造的乌托邦就是这样，永远善良勇敢，永远出乎意料。","682775人评价"
"天堂电影院","/ Nuovo Cinema Paradiso","https://movie.douban.com/subject/1291828/","导演: 朱塞佩·托纳多雷 Giuseppe Tornatore 主演: 安东娜拉·塔莉 Antonel...
1988 / 意大利 法国 / 剧情 爱情","9.1","那些吻戏，那些青春，都在影院的黑暗里被泪水冲刷得无比清晰。","358743人评价"
"蝙蝠侠：黑暗骑士","/ The Dark Knight","https://movie.douban.com/subject/1851857/","导演: 克里斯托弗·诺兰 Christopher Nolan 主演: 克里斯蒂安·贝尔 Christ...
2008 / 美国 英国 / 剧情 动作 科幻 犯罪 惊悚","9.1","无尽的黑暗。","416374人评价"
"活着","","","导演: 张艺谋 Yimou Zhang 主演: 葛优 You Ge / 巩俐 Li Gong / 姜武 Wu Jiang
1994 / 中国大陆 香港 / 剧情 历史 家庭","9.1","张艺谋最好的电影。","344701人评价"
"十二怒汉","/ 12 Angry Men","https://movie.douban.com/subject/1293182/","导演: Sidney Lumet 主演: 亨利·方达 Henry Fonda / 马丁·鲍尔萨姆 Marti...
1957 / 美国 / 剧情","9.4","1957年的理想主义。","208464人评价"
"鬼子来了","","","导演: 姜文 Wen Jiang 主演: 姜文 Wen Jiang / 香川照之 Teruyuki Kagawa /...
2000 / 中国大陆 / 剧情 历史 战争","9.2","对敌人的仁慈，就是对自己残忍。","289400人评价"
"少年派的奇幻漂流","/ Life of Pi","https://movie.douban.com/subject/1929463/","导演: 李安 Ang Lee 主演: 苏拉·沙玛 Suraj Sharma / 伊尔凡·可汗 Irrfan...
2012 / 美国 台湾 英国 加拿大 / 剧情 奇幻 冒险","9.0","瑰丽壮观、无人能及的冒险之旅。","699527人评价"
"指环王3：王者无敌","/ The Lord of the Rings: The Return of the King","https://movie.douban.com/subject/1291552/","导演: 彼得·杰克逊 Peter Jackson 主演: 维果·莫腾森 Viggo Mortensen / ...
2003 / 美国 新西兰 / 剧情 动作 奇幻 冒险","9.1","史诗的终章。","345640人评价"
"搏击俱乐部","/ Fight Club","https://movie.douban.com/subject/1292000/","导演: 大卫·芬奇 David Fincher 主演: 爱德华·诺顿 Edward Norton / 布拉...
1999 / 美国 德国 / 剧情 动作 悬疑 惊悚","9.0","邪恶与平庸蛰伏于同一个母体，在特定的时间互相对峙。","461712人评价"
"天空之城","/ 天空の城ラピュタ","https://movie.douban.com/subject/1291583/","导演: 宫崎骏 Hayao Miyazaki 主演: 田中真弓 Mayumi Tanaka / 横泽启子 Ke...
1986 / 日本 / 动画 奇幻 冒险","9.0","对天空的追逐，永不停止。","402888人评价"
"控方证人","/ Witness for the Prosecution","https://movie.douban.com/subject/1296141/","导演: 比利·怀尔德 Billy Wilder 主演: 查尔斯·劳顿 Charles Laughton / ...
1957 / 美国 / 剧情 犯罪 悬疑","9.6","比利·怀德满分作品。","136124人评价"
"飞屋环游记","/ Up","https://movie.douban.com/subject/2129039/","导演: 彼特·道格特 Pete Docter / 鲍勃·彼德森 Bob Peterson 主演: 爱德...
2009 / 美国 / 剧情 喜剧 动画 冒险","8.9","最后那些最无聊的事情，才是最值得怀念的。","613439人评价"
"大话西游之月光宝盒","/ 西遊記第壹佰零壹回之月光寶盒","https://movie.douban.com/subject/1299398/","导演: 刘镇伟 Jeffrey Lau 主演: 周星驰 Stephen Chow / 吴孟达 Man Tat Ng...
1995 / 香港 中国大陆 / 喜剧 爱情 奇幻 冒险","8.9","旷古烁今。","508572人评价"
"罗马假日","/ Roman Holiday","https://movie.douban.com/subject/1293839/","导演: 威廉·惠勒 William Wyler 主演: 奥黛丽·赫本 Audrey Hepburn / 格...
1953 / 美国 / 喜剧 剧情 爱情","9.0","爱情哪怕只有一天。","466526人评价"
"窃听风暴","/ Das Leben der Anderen","https://movie.douban.com/subject/1900841/","导演: 弗洛里安·亨克尔·冯·多纳斯马 Florian Henckel von Donnersmarck ...
2006 / 德国 / 剧情 悬疑","9.1","别样人生。","274932人评价"
"两杆大烟枪","/ Lock, Stock and Two Smoking Barrels","https://movie.douban.com/subject/1293350/","导演: Guy Ritchie 主演: Jason Flemyng / Dexter Fletcher / Nick Moran
1998 / 英国 / 剧情 喜剧 犯罪","9.1","4个臭皮匠顶个诸葛亮，盖·里奇果然不是盖的。","317405人评价"
"摔跤吧！爸爸","/ Dangal","https://movie.douban.com/subject/26387939/","导演: 涅提·蒂瓦里 Nitesh Tiwari 主演: 阿米尔·汗 Aamir Khan / 法缇玛...
2016 / 印度 / 剧情 传记 运动 家庭","9.1","你不是在为你一个人战斗，你要让千千万万的女性看到女生并不是只能相夫教子。","608428人评价"
"飞越疯人院","/ One Flew Over the Cuckoo's Nest","https://movie.douban.com/subject/1292224/","导演: 米洛斯·福尔曼 Miloš Forman 主演: 杰克·尼科尔森 Jack Nichols...
1975 / 美国 / 剧情","9.0","自由万岁。","320989人评价"
"闻香识女人","/ Scent of a Woman","https://movie.douban.com/subject/1298624/","导演: 马丁·布莱斯 Martin Brest 主演: 阿尔·帕西诺 Al Pacino / 克里斯...
1992 / 美国 / 剧情","9.0","史上最美的探戈。","394876人评价"
"哈尔的移动城堡","/ ハウルの動く城","https://movie.douban.com/subject/1308807/","导演: 宫崎骏 Hayao Miyazaki 主演: 倍赏千惠子 Chieko Baishô / 木村拓...
2004 / 日本 / 动画 奇幻 冒险","8.9","带着心爱的人在天空飞翔。","434750人评价"
"辩护人","/ 변호인","https://movie.douban.com/subject/21937445/","导演: 杨宇硕 Woo-seok Yang 主演: 宋康昊 Kang-ho Song / 吴达洙 Dal-su O...
2013 / 韩国 / 剧情","9.2","电影的现实意义大过电影本身。","271453人评价"
"死亡诗社","/ Dead Poets Society","https://movie.douban.com/subject/1291548/","导演: 彼得·威尔 Peter Weir 主演: 罗宾·威廉姆斯 Robin Williams / 罗伯...
1989 / 美国 / 剧情","9.0","当一个死水般的体制内出现一个活跃的变数时，所有的腐臭都站在了光明的对面。","339554人评价"
"V字仇杀队","/ V for Vendetta","https://movie.douban.com/subject/1309046/","导演: 詹姆斯·麦克特格 James McTeigue 主演: 娜塔莉·波特曼 Natalie Por...
2005 / 美国 英国 德国 / 剧情 动作 科幻 惊悚","8.8","一张面具背后的理想与革命。","512294人评价"
"海豚湾","/ The Cove","https://movie.douban.com/subject/3442220/","导演: Louie Psihoyos 主演: John Chisholm / Mandy-Rae Cruikshank / Char...
2009 / 美国 / 纪录片","9.3","海豚的微笑，是世界上最高明的伪装。","210873人评价"
"教父2","/ The Godfather: Part Ⅱ","https://movie.douban.com/subject/1299131/","导演: 弗朗西斯·福特·科波拉 Francis Ford Coppola 主演: 阿尔·帕西诺 A...
1974 / 美国 / 剧情 犯罪","9.1","优雅的孤独。","229979人评价"
"肖申克的救赎","/ The Shawshank Redemption","https://movie.douban.com/subject/1292052/","导演: 弗兰克·德拉邦特 Frank Darabont 主演: 蒂姆·罗宾斯 Tim Robbins /...
1994 / 美国 / 犯罪 剧情","9.6","希望让人自由。","1161798人评价"
"霸王别姬","","","导演: 陈凯歌 Kaige Chen 主演: 张国荣 Leslie Cheung / 张丰毅 Fengyi Zha...
1993 / 中国大陆 香港 / 剧情 爱情 同性","9.6","风华绝代。","849059人评价"
"这个杀手不太冷","/ Léon","https://movie.douban.com/subject/1295644/","导演: 吕克·贝松 Luc Besson 主演: 让·雷诺 Jean Reno / 娜塔莉·波特曼 ...
1994 / 法国 / 剧情 动作 犯罪","9.4","怪蜀黍和小萝莉不得不说的故事。","1072106人评价"
"阿甘正传","/ Forrest Gump","https://movie.douban.com/subject/1292720/","导演: Robert Zemeckis 主演: Tom Hanks / Robin Wright Penn / Gary Sinise
1994 / 美国 / 剧情 爱情","9.4","一部美国近现代史。","916813人评价"
"美丽人生","/ La vita è bella","https://movie.douban.com/subject/1292063/","导演: 罗伯托·贝尼尼 Roberto Benigni 主演: 罗伯托·贝尼尼 Roberto Beni...
1997 / 意大利 / 剧情 喜剧 爱情 战争","9.5","最美的谎言。","535077人评价"
"泰坦尼克号","/ Titanic","https://movie.douban.com/subject/1292722/","导演: 詹姆斯·卡梅隆 James Cameron 主演: 莱昂纳多·迪卡普里奥 Leonardo...
1997 / 美国 / 剧情 爱情 灾难","9.3","失去的才是永恒的。","852720人评价"
"千与千寻","/ 千と千尋の神隠し","https://movie.douban.com/subject/1291561/","导演: 宫崎骏 Hayao Miyazaki 主演: 柊瑠美 Rumi Hîragi / 入野自由 Miy...
2001 / 日本 / 剧情 动画 奇幻","9.3","最好的宫崎骏，最好的久石让。","849365人评价"
"辛德勒的名单","/ Schindler's List","https://movie.douban.com/subject/1295124/","导演: 史蒂文·斯皮尔伯格 Steven Spielberg 主演: 连姆·尼森 Liam Neeson...
1993 / 美国 / 剧情 历史 战争","9.4","拯救一个人，就是拯救整个世界。","482548人评价"
"盗梦空间","/ Inception","https://movie.douban.com/subject/3541415/","导演: 克里斯托弗·诺兰 Christopher Nolan 主演: 莱昂纳多·迪卡普里奥 Le...
2010 / 美国 英国 / 剧情 科幻 悬疑 冒险","9.3","诺兰给了我们一场无法盗取的梦。","937649人评价"
"机器人总动员","/ WALL·E","https://movie.douban.com/subject/2131459/","导演: 安德鲁·斯坦顿 Andrew Stanton 主演: 本·贝尔特 Ben Burtt / 艾丽...
2008 / 美国 / 爱情 科幻 动画 冒险","9.3","小瓦力，大人生。","620473人评价"
"忠犬八公的故事","/ Hachi: A Dog's Tale","https://movie.douban.com/subject/3011091/","导演: 莱塞·霍尔斯道姆 Lasse Hallström 主演: 理查·基尔 Richard Ger...
2009 / 美国 英国 / 剧情","9.3","永远都不能忘记你所爱的人。","601672人评价"
"三傻大闹宝莱坞","/ 3 Idiots","https://movie.douban.com/subject/3793023/","导演: 拉库马·希拉尼 Rajkumar Hirani 主演: 阿米尔·汗 Aamir Khan / 卡...
2009 / 印度 / 剧情 喜剧 爱情 歌舞","9.2","英俊版憨豆，高情商版谢耳朵。","840684人评价"
"海上钢琴师","/ La leggenda del pianista sull'oceano","https://movie.douban.com/subject/1292001/","导演: 朱塞佩·托纳多雷 Giuseppe Tornatore 主演: 蒂姆·罗斯 Tim Roth / ...
1998 / 意大利 / 剧情 音乐","9.2","每个人都要走一条自己坚定了的路，就算是粉身碎骨。","705403人评价"
"放牛班的春天","/ Les choristes","https://movie.douban.com/subject/1291549/","导演: 克里斯托夫·巴拉蒂 Christophe Barratier 主演: 杰拉尔·朱诺 Géra...
2004 / 法国 瑞士 德国 / 剧情 音乐","9.2","天籁一般的童声，是最接近上帝的存在。","574700人评价"
"大话西游之大圣娶亲","/ 西遊記大結局之仙履奇緣","https://movie.douban.com/subject/1292213/","导演: 刘镇伟 Jeffrey Lau 主演: 周星驰 Stephen Chow / 吴孟达 Man Tat Ng...
1995 / 香港 中国大陆 / 喜剧 爱情 奇幻 冒险","9.2","一生所爱。","632257人评价"
"楚门的世界","/ The Truman Show","https://movie.douban.com/subject/1292064/","导演: 彼得·威尔 Peter Weir 主演: 金·凯瑞 Jim Carrey / 劳拉·琳妮 Lau...
1998 / 美国 / 剧情 科幻","9.2","如果再也不能见到你，祝你早安，午安，晚安。","609813人评价"
"教父","/ The Godfather","https://movie.douban.com/subject/1291841/","导演: 弗朗西斯·福特·科波拉 Francis Ford Coppola 主演: 马龙·白兰度 M...
1972 / 美国 / 剧情 犯罪","9.2","千万不要记恨你的对手，这样会让你失去理智。","425489人评价"
"龙猫","/ となりのトトロ","https://movie.douban.com/subject/1291560/","导演: 宫崎骏 Hayao Miyazaki 主演: 日高法子 Noriko Hidaka / 坂本千夏 Ch...
1988 / 日本 / 动画 奇幻 冒险","9.1","人人心中都有个龙猫，童年就永远不会消失。","521575人评价"
"星际穿越","/ Interstellar","https://movie.douban.com/subject/1889243/","导演: 克里斯托弗·诺兰 Christopher Nolan 主演: 马修·麦康纳 Matthew Mc...
2014 / 美国 英国 加拿大 冰岛 / 剧情 科幻 冒险","9.2","爱是一种力量，让我们超越时空感知它的存在。","629301人评价"
"熔炉","/ 도가니","https://movie.douban.com/subject/5912992/","导演: 黄东赫 Dong-hyuk Hwang 主演: 孔侑 Yoo Gong / 郑有美 Yu-mi Jeong ...
2011 / 韩国 / 剧情","9.2","我们一路奋战不是为了改变世界，而是为了不让世界改变我们。","352727人评价"
"无间道","/ 無間道","https://movie.douban.com/subject/1307914/","导演: 刘伟强 / 麦兆辉 主演: 刘德华 / 梁朝伟 / 黄秋生
2002 / 香港 / 剧情 犯罪 悬疑","9.1","香港电影史上永不过时的杰作。","516507人评价"
"触不可及","/ Intouchables","https://movie.douban.com/subject/6786002/","导演: 奥利维·那卡什 Olivier Nakache / 艾力克·托兰达 Eric Toledano 主...
2011 / 法国 / 剧情 喜剧","9.2","满满温情的高雅喜剧。","453658人评价"
"当幸福来敲门","/ The Pursuit of Happyness","https://movie.douban.com/subject/1849031/","导演: 加布里尔·穆奇诺 Gabriele Muccino 主演: 威尔·史密斯 Will Smith ...
2006 / 美国 / 剧情 传记 家庭","9.0","平民励志片。","674968人评价"
"乱世佳人","/ Gone with the Wind","https://movie.douban.com/subject/1300267/","导演: 维克多·弗莱明 Victor Fleming / 乔治·库克 George Cukor 主演: 费...
1939 / 美国 / 剧情 历史 爱情 战争","9.2","Tomorrow is another day.","325166人评价"
"怦然心动","/ Flipped","https://movie.douban.com/subject/3319755/","导演: 罗伯·莱纳 Rob Reiner 主演: 玛德琳·卡罗尔 Madeline Carroll / 卡...
2010 / 美国 / 剧情 喜剧 爱情","9.0","真正的幸福是来自内心深处。","723879人评价"
"指环王2：双塔奇兵","/ The Lord of the Rings: The Two Towers","https://movie.douban.com/subject/1291572/","导演: 彼得·杰克逊 Peter Jackson 主演: 伊利亚·伍德 Elijah Wood / 西恩...
2002 / 美国 新西兰 / 剧情 动作 奇幻 冒险","9.0","承前启后的史诗篇章。","324159人评价"
"指环王1：魔戒再现","/ The Lord of the Rings: The Fellowship of the Ring","https://movie.douban.com/subject/1291571/","导演: 彼得·杰克逊 Peter Jackson 主演: 伊利亚·伍德 Elijah Wood / 西恩...
2001 / 新西兰 美国 / 剧情 动作 奇幻 冒险","8.9","传说的开始。","363056人评价"
"美丽心灵","/ A Beautiful Mind","https://movie.douban.com/subject/1306029/","导演: 朗·霍华德 Ron Howard 主演: 罗素·克劳 Russell Crowe / 艾德·哈...
2001 / 美国 / 传记 剧情","8.9","爱是一切逻辑和原由。","362230人评价"
"饮食男女","/ 飲食男女","https://movie.douban.com/subject/1291818/","导演: 李安 Ang Lee 主演: 郎雄 Sihung Lung / 杨贵媚 Kuei-Mei Yang / 吴...
1994 / 台湾 美国 / 剧情 家庭","9.1","人生不能像做菜，把所有的料都准备好了才下锅。","248255人评价"
"情书","/ Love Letter","https://movie.douban.com/subject/1292220/","导演: 岩井俊二 Shunji Iwai 主演: 中山美穗 Miho Nakayama / 丰川悦司 Ets...
1995 / 日本 / 剧情 爱情","8.8","暗恋的极致。","443304人评价"
"素媛","/ 소원","https://movie.douban.com/subject/21937452/","导演: 李濬益 Jun-ik Lee 主演: 薛景求 Kyung-gu Sol / 严志媛 Ji-won Uhm ...
2013 / 韩国 / 剧情","9.1","受过伤害的人总是笑得最开心，因为他们不愿意让身边的人承受一样的痛苦。","232638人评价"
"狮子王","/ The Lion King","https://movie.douban.com/subject/1301753/","导演: Roger Allers / 罗伯·明可夫 Rob Minkoff 主演: 乔纳森·泰勒·托马...
1994 / 美国 / 剧情 动画 冒险 歌舞 家庭","8.9","动物版《哈姆雷特》。","340514人评价"
"美国往事","/ Once Upon a Time in America","https://movie.douban.com/subject/1292262/","导演: 赛尔乔·莱翁内 Sergio Leone 主演: 罗伯特·德尼罗 Robert De Niro ...
1984 / 意大利 美国 / 犯罪 剧情","9.1","往事如烟，无处祭奠。","206771人评价"
"钢琴家","/ The Pianist","https://movie.douban.com/subject/1296736/","导演: 罗曼·波兰斯基 Roman Polanski 主演: 艾德里安·布洛迪 Adrien Brod...
2002 / 法国 德国 英国 波兰 / 剧情 传记 历史 战争 音乐","9.1","音乐能化解仇恨。","239020人评价"
"小鞋子","/ بچههای آسمان","https://movie.douban.com/subject/1303021/","导演: 马基德·马基迪 Majid Majidi 主演: Amir Farrokh Hashemian / 默罕...
1997 / 伊朗 / 剧情 家庭 儿童","9.2","奔跑的孩子是天使。","171548人评价"
"七宗罪","/ Se7en","https://movie.douban.com/subject/1292223/","导演: 大卫·芬奇 David Fincher 主演: 摩根·弗里曼 Morgan Freeman / 布...
1995 / 美国 / 剧情 犯罪 悬疑 惊悚","8.8","警察抓小偷，老鼠玩死猫。","501781人评价"
"被嫌弃的松子的一生","/ 嫌われ松子の一生","https://movie.douban.com/subject/1787291/","导演: 中岛哲也 Tetsuya Nakashima 主演: 中谷美纪 Miki Nakatani / 瑛太 E...
2006 / 日本 / 剧情 歌舞","8.9","以戏谑来戏谑戏谑。","357185人评价"
"致命魔术","/ The Prestige","https://movie.douban.com/subject/1780330/","导演: 克里斯托弗·诺兰 Christopher Nolan 主演: 休·杰克曼 Hugh Jackman...
2006 / 美国 英国 / 剧情 悬疑 惊悚","8.8","孪生蝙蝠侠大战克隆金刚狼。","408468人评价"
"天使爱美丽","/ Le fabuleux destin d'Amélie Poulain","https://movie.douban.com/subject/1292215/","导演: 让-皮埃尔·热内 Jean-Pierre Jeunet 主演: 奥黛丽·塔图 Audrey Tau...
2001 / 法国 德国 / 喜剧 爱情","8.7","法式小清新。","559464人评价"
"本杰明·巴顿奇事","/ The Curious Case of Benjamin Button","https://movie.douban.com/subject/1485260/","导演: 大卫·芬奇 David Fincher 主演: 凯特·布兰切特 Cate Blanchett / ...
2008 / 美国 / 剧情 爱情 奇幻","8.8","在时间之河里感受溺水之苦。","464444人评价"
"西西里的美丽传说","/ Malèna","https://movie.douban.com/subject/1292402/","导演: 朱塞佩·托纳多雷 Giuseppe Tornatore 主演: 莫妮卡·贝鲁奇 Monica ...
2000 / 意大利 美国 / 剧情 战争 情色","8.8","美丽无罪。","429556人评价"
"黑客帝国","/ The Matrix","https://movie.douban.com/subject/1291843/","导演: 安迪·沃卓斯基 Andy Wachowski / 拉娜·沃卓斯基 Lana Wachowski 主...
1999 / 美国 澳大利亚 / 动作 科幻","8.9","视觉革命。","339510人评价"
"音乐之声","/ The Sound of Music","https://movie.douban.com/subject/1294408/","导演: Robert Wise 主演: 朱丽·安德鲁斯 Julie Andrews / 克里斯托弗·普...
1965 / 美国 / 剧情 传记 爱情 歌舞","8.9","用音乐化解仇恨，让歌声串起美好。","273406人评价"
"让子弹飞","","","导演: 姜文 Wen Jiang 主演: 姜文 Wen Jiang / 葛优 You Ge / 周润发 Yun-F...
2010 / 中国大陆 香港 / 剧情 喜剧 动作 西部","8.7","你给我翻译翻译，神马叫做TMD的惊喜。","754326人评价"
"拯救大兵瑞恩","/ Saving Private Ryan","https://movie.douban.com/subject/1292849/","导演: 史蒂文·斯皮尔伯格 Steven Spielberg 主演: 汤姆·汉克斯 Tom Hanks...
1998 / 美国 / 剧情 历史 战争","8.9","美利坚精神输出大片No1.","290615人评价"
"看不见的客人","/ Contratiempo","https://movie.douban.com/subject/26580232/","导演: 奥里奥尔·保罗 Oriol Paulo 主演: 马里奥·卡萨斯 Mario Casas / 阿...
2016 / 西班牙 / 剧情 犯罪 悬疑 惊悚","8.7","你以为你以为的就是你以为的。","448677人评价"
"低俗小说","/ Pulp Fiction","https://movie.douban.com/subject/1291832/","导演: 昆汀·塔伦蒂诺 Quentin Tarantino 主演: 约翰·特拉沃尔塔 John Tra...
1994 / 美国 / 剧情 喜剧 犯罪","8.8","故事的高级讲法。","399339人评价"
"勇敢的心","/ Braveheart","https://movie.douban.com/subject/1294639/","导演: 梅尔·吉布森 Mel Gibson 主演: 梅尔·吉布森 Mel Gibson / 苏菲·玛...
1995 / 美国 / 动作 传记 剧情 历史 战争","8.8","史诗大片的典范。","335838人评价"
"剪刀手爱德华","/ Edward Scissorhands","https://movie.douban.com/subject/1292370/","导演: Tim Burton 主演: 约翰尼·德普 Johnny Depp / 薇诺娜·瑞德 Winona ...
1990 / 美国 / 剧情 奇幻 爱情","8.7","浪漫忧郁的成人童话。","565229人评价"
"末代皇帝","/ The Last Emperor","https://movie.douban.com/subject/1293172/","导演: 贝纳尔多·贝托鲁奇 Bernardo Bertolucci 主演: 尊龙 John Lone / 陈...
1987 / 英国 意大利 中国大陆 法国 美国 / 剧情 传记 历史","9.0","“不要跟我比惨，我比你更惨”再适合这部电影不过了。","223199人评价"
"沉默的羔羊","/ The Silence of the Lambs","https://movie.douban.com/subject/1293544/","导演: 乔纳森·戴米 Jonathan Demme 主演: 朱迪·福斯特 Jodie Foster / 安...
1991 / 美国 / 剧情 犯罪 惊悚","8.8","安东尼·霍普金斯的顶级表演。","410587人评价"
"大闹天宫","","","导演: 万籁鸣 Laiming Wan / 唐澄 Cheng Tang 主演: 邱岳峰 Yuefeng Qiu /...
1961(中国大陆) / 1964(中国大陆) / 1978(中国大陆) / 2004(中国大陆) / 中国大陆 / 动画 奇幻","9.3","经典之作，历久弥新。","129945人评价"
"蝴蝶效应","/ The Butterfly Effect","https://movie.douban.com/subject/1292343/","导演: 埃里克·布雷斯 Eric Bress / J·麦基·格鲁伯 J. Mackye Gruber 主...
2004 / 美国 加拿大 / 剧情 悬疑 科幻 惊悚","8.7","人的命运被自己瞬间的抉择改变。","448878人评价"
"春光乍泄","/ 春光乍洩","https://movie.douban.com/subject/1292679/","导演: 王家卫 Kar Wai Wong 主演: 张国荣 Leslie Cheung / 梁朝伟 Tony Leu...
1997 / 香港 日本 韩国 / 剧情 爱情 同性","8.8","爱情纠缠，男女一致。","294469人评价"
"入殓师","/ おくりびと","https://movie.douban.com/subject/2149806/","导演: 泷田洋二郎 Yôjirô Takita 主演: 本木雅弘 Masahiro Motoki / ...
2008 / 日本 / 剧情","8.8","死可能是一道门，逝去并不是终结，而是超越，走向下一程。","355655人评价"
"心灵捕手","/ Good Will Hunting","https://movie.douban.com/subject/1292656/","导演: 格斯·范·桑特 Gus Van Sant 主演: 马特·达蒙 Matt Damon / 罗宾·...
1997 / 美国 / 剧情","8.8","人生中应该拥有这样的一段豁然开朗。","324600人评价"
"哈利·波特与魔法石","/ Harry Potter and the Sorcerer's Stone","https://movie.douban.com/subject/1295038/","导演: Chris Columbus 主演: Daniel Radcliffe / Emma Watson / Rupert Grint
2001 / 美国 英国 / 奇幻 冒险","8.8","童话世界的开端。","328389人评价"
"玛丽和马克思","/ Mary and Max","https://movie.douban.com/subject/3072124/","导演: 亚当·艾略特 Adam Elliot 主演: 托妮·科莱特 Toni Collette / 菲利...
2009 / 澳大利亚 / 剧情 动画","8.9","你是我最好的朋友，你是我唯一的朋友 。","258245人评价"
"阳光灿烂的日子","","","导演: 姜文 Wen Jiang 主演: 夏雨 Yu Xia / 宁静 Jing Ning / 陶虹 Hong Tao
1994 / 中国大陆 香港 / 剧情","8.8","一场华丽的意淫。","320310人评价"
"布达佩斯大饭店","/ The Grand Budapest Hotel","https://movie.douban.com/subject/11525673/","导演: 韦斯·安德森 Wes Anderson 主演: 拉尔夫·费因斯 Ralph Fiennes / ...
2014 / 美国 德国 英国 / 剧情 喜剧 冒险","8.8","小清新的故事里注入了大历史的情怀。","388194人评价"
"禁闭岛","/ Shutter Island","https://movie.douban.com/subject/2334904/","导演: Martin Scorsese 主演: 莱昂纳多·迪卡普里奥 Leonardo DiCaprio / ...
2010 / 美国 / 剧情 悬疑 惊悚","8.7","昔日翩翩少年，今日大腹便便。","428121人评价"
"猫鼠游戏","/ Catch Me If You Can","https://movie.douban.com/subject/1305487/","导演: 史蒂文·斯皮尔伯格 Steven Spielberg 主演: 莱昂纳多·迪卡普里奥 L...
2002 / 美国 加拿大 / 传记 犯罪 剧情","8.8","骗子大师和执著警探的你追我跑故事。","287607人评价"
"幽灵公主","/ もののけ姫","https://movie.douban.com/subject/1297359/","导演: 宫崎骏 Hayao Miyazaki 主演: 松田洋治 Yôji Matsuda / 石田百合...
1997 / 日本 / 动画 奇幻 冒险","8.8","人与自然的战争史诗。","273894人评价"
"第六感","/ The Sixth Sense","https://movie.douban.com/subject/1297630/","导演: M·奈特·沙马兰 M. Night Shyamalan 主演: 布鲁斯·威利斯 Bruce Wi...
1999 / 美国 / 剧情 悬疑 惊悚","8.8","深入内心的恐怖，出人意料的结局。","273559人评价"
"重庆森林","/ 重慶森林","https://movie.douban.com/subject/1291999/","导演: 王家卫 Kar Wai Wong 主演: 林青霞 Brigitte Lin / 金城武 Takeshi K...
1994 / 香港 / 剧情 爱情","8.7","寂寞没有期限。","389785人评价"
"狩猎","/ Jagten","https://movie.douban.com/subject/6985810/","导演: 托马斯·温特伯格 Thomas Vinterberg 主演: 麦斯·米科尔森 Mads Mik...
2012 / 丹麦 瑞典 / 剧情","9.1","人言可畏。","160036人评价"
"致命ID","/ Identity","https://movie.douban.com/subject/1297192/","导演: James Mangold 主演: John Cusack / Ray Liotta / Amanda Peet
2003 / 美国 / 剧情 悬疑 惊悚","8.7","最不可能的那个人永远是最可能的。","375631人评价"
"断背山","/ Brokeback Mountain","https://movie.douban.com/subject/1418834/","导演: 李安 Ang Lee 主演: 希斯·莱杰 Heath Ledger / 杰克·吉伦哈尔 Jake...
2005 / 美国 加拿大 / 剧情 爱情 同性 家庭","8.7","每个人心中都有一座断背山。","373756人评价"
"穿条纹睡衣的男孩","/ The Boy in the Striped Pajamas","https://movie.douban.com/subject/3008247/","导演: 马克·赫门 Mark Herman 主演: 阿沙·巴特菲尔德 Asa Butterfield / ...
2008 / 英国 美国 / 剧情 战争","8.9","尽管有些不切实际的幻想，这部电影依旧是一部感人肺腑的佳作。","186174人评价"
"大鱼","/ Big Fish","https://movie.douban.com/subject/1291545/","导演: 蒂姆·波顿 Tim Burton 主演: 伊万·麦克格雷格 Ewan McGregor / 阿...
2003 / 美国 / 剧情 家庭 奇幻 冒险","8.7","抱着梦想而活着的人是幸福的，怀抱梦想而死去的人是不朽的。","293227人评价"
"加勒比海盗","/ Pirates of the Caribbean: The Curse of the Black Pearl","https://movie.douban.com/subject/1298070/","导演: 戈尔·维宾斯基 Gore Verbinski 主演: 约翰尼·德普 Johnny Depp / ...
2003 / 美国 / 动作 冒险 奇幻","8.6","约翰尼·德普的独角戏。","410859人评价"
"告白","","","导演: 中岛哲也 Tetsuya Nakashima 主演: 松隆子 Takako Matsu / 冈田将生 ...
2010 / 日本 / 剧情 惊悚","8.7","没有一人完全善，也没有一人完全恶。","396691人评价"
"一一","","","导演: 杨德昌 Edward Yang 主演: 吴念真 / 李凯莉 Kelly Lee / 金燕玲 Elai...
2000 / 台湾 日本 / 剧情 爱情 家庭","8.9","我们都曾经是一一。","179205人评价"
"甜蜜蜜","","","导演: 陈可辛 Peter Chan 主演: 黎明 Leon Lai / 张曼玉 Maggie Cheung / ...
1996 / 香港 / 剧情 爱情","8.8","相逢只要一瞬间，等待却像是一辈子。","263650人评价"
"阿凡达","/ Avatar","https://movie.douban.com/subject/1652587/","导演: 詹姆斯·卡梅隆 James Cameron 主演: 萨姆·沃辛顿 Sam Worthington ...
2009 / 美国 英国 / 动作 战争 科幻 冒险","8.6","绝对意义上的美轮美奂。","619415人评价"
"射雕英雄传之东成西就","/ 射鵰英雄傳之東成西就","https://movie.douban.com/subject/1316510/","导演: 刘镇伟 Jeffrey Lau 主演: 梁朝伟 Tony Leung Chiu Wai / 林青霞 Bri...
1993 / 香港 / 喜剧 古装","8.7","百看不厌。","318670人评价"
"摩登时代","/ Modern Times","https://movie.douban.com/subject/1294371/","导演: 查理·卓别林 Charles Chaplin 主演: 查理·卓别林 Charles Chaplin ...
1936 / 美国 / 喜剧 剧情 爱情","9.2","大时代中的人生，小人物的悲喜。","110143人评价"
"阳光姐妹淘","/ 써니","https://movie.douban.com/subject/4917726/","导演: 姜炯哲 Hyeong-Cheol Kang 主演: 沈恩京 Eun-kyung Shim / 闵孝琳 Hy...
2011 / 韩国 / 剧情 喜剧","8.8","再多各自牛逼的时光，也比不上一起傻逼的岁月。","313285人评价"
"上帝之城","/ Cidade de Deus","https://movie.douban.com/subject/1292208/","导演: Kátia Lund / Fernando Meirelles 主演: Alexandre Rodrigues / Lea...
2002 / 巴西 法国 / 犯罪 剧情","8.9","被上帝抛弃了的上帝之城。","175949人评价"
"爱在黎明破晓前","/ Before Sunrise","https://movie.douban.com/subject/1296339/","导演: 理查德·林克莱特 Richard Linklater 主演: 伊桑·霍克 Ethan Hawke ...
1995 / 美国 奥地利 瑞士 / 剧情 爱情","8.7","缘分是个连绵词，最美不过一瞬。","260910人评价"
"消失的爱人","/ Gone Girl","https://movie.douban.com/subject/21318488/","导演: 大卫·芬奇 David Fincher 主演: 本·阿弗莱克 Ben Affleck / 罗莎蒙...
2014 / 美国 / 剧情 犯罪 悬疑 惊悚","8.7","年度最佳date movie。","422356人评价"
"侧耳倾听","/ 耳をすませば","https://movie.douban.com/subject/1297052/","导演: 近藤喜文 Yoshifumi Kondo 主演: 本名阳子 Youko Honna / 小林桂树 K...
1995 / 日本 / 剧情 爱情 动画","8.8","少女情怀总是诗。","202298人评价"
"风之谷","/ 風の谷のナウシカ","https://movie.douban.com/subject/1291585/","导演: 宫崎骏 Hayao Miyazaki 主演: 岛本须美 Sumi Shimamoto / 松田洋治 Y...
1984 / 日本 / 动画 奇幻 冒险","8.8","动画片的圣经。","203178人评价"
"爱在日落黄昏时","/ Before Sunset","https://movie.douban.com/subject/1291990/","导演: 理查德·林克莱特 Richard Linklater 主演: 伊桑·霍克 Ethan Hawke ...
2004 / 美国 / 剧情 爱情","8.8","九年后的重逢是世俗和责任的交叠，没了悸动和青涩，沧桑而温暖。","231001人评价"
"超脱","/ Detachment","https://movie.douban.com/subject/5322596/","导演: 托尼·凯耶 Tony Kaye 主演: 艾德里安·布洛迪 Adrien Brody / 马西...
2011 / 美国 / 剧情","8.8","穷尽一生，我们要学会的，不过是彼此拥抱。","206929人评价"
"倩女幽魂","","","导演: 程小东 Siu-Tung Ching 主演: 张国荣 Leslie Cheung / 王祖贤 Joey W...
1987 / 香港 / 剧情 爱情 武侠 古装","8.6","两张绝世的脸。","307771人评价"
"恐怖直播","/ 더 테러 라이브","https://movie.douban.com/subject/21360417/","导演: 金秉祐 Byeong-woo Kim 主演: 河正宇 Jung-woo Ha / 李璟荣 Kyeong-y...
2013 / 韩国 / 剧情 犯罪 悬疑","8.7","恐怖分子的“秋菊打官司”。","271180人评价"
"小森林 夏秋篇","/ リトル・フォレスト 夏・秋","https://movie.douban.com/subject/25814705/","导演: 森淳一 Junichi Mori 主演: 桥本爱 Ai Hashimoto / 三浦贵大 Takahir...
2014 / 日本 / 剧情","8.9","那些静得只能听见呼吸的日子里，你明白孤独即生活。","167767人评价"
"喜剧之王","/ 喜劇之王","https://movie.douban.com/subject/1302425/","导演: 周星驰 Stephen Chow / 李力持 Lik-Chi Lee 主演: 周星驰 Stephen Ch...
1999 / 香港 / 喜剧 剧情 爱情","8.6","我是一个演员。","379753人评价"
"红辣椒","/ パプリカ","https://movie.douban.com/subject/1865703/","导演: 今敏 Satoshi Kon 主演: 林原惠美 Megumi Hayashibara / 古谷彻 T...
2006 / 日本 / 动画 悬疑 科幻 惊悚","8.9","梦的勾结。","162039人评价"
"菊次郎的夏天","/ 菊次郎の夏","https://movie.douban.com/subject/1293359/","导演: 北野武 Takeshi Kitano 主演: 北野武 Takeshi Kitano / 关口雄介 Yus...
1999 / 日本 / 剧情 喜剧","8.7","从没见过那么流氓的温柔，从没见过那么温柔的流氓。","221173人评价"
"驯龙高手","/ How to Train Your Dragon","https://movie.douban.com/subject/2353023/","导演: 迪恩·德布洛斯 Dean DeBlois / 克里斯·桑德斯 Chris Sanders 主演:...
2010 / 美国 / 喜剧 动画 奇幻 冒险","8.7","和谐的生活离不开摸头与被摸头。","335587人评价"
"幸福终点站","/ The Terminal","https://movie.douban.com/subject/1292274/","导演: 史蒂文·斯皮尔伯格 Steven Spielberg 主演: 汤姆·汉克斯 Tom Hanks...
2004 / 美国 / 喜剧 剧情 爱情","8.7","有时候幸福需要等一等。","258679人评价"
"神偷奶爸","/ Despicable Me","https://movie.douban.com/subject/3287562/","导演: 皮艾尔·柯芬 Pierre Coffin / 克里斯·雷纳德 Chris Renaud 主演: ...
2010 / 美国 法国 / 喜剧 动画 冒险","8.5","Mr. I Don't Care其实也有Care的时候。","450136人评价"
"借东西的小人阿莉埃蒂","/ 借りぐらしのアリエッティ","https://movie.douban.com/subject/4202302/","导演: 米林宏昌 Hiromasa Yonebayashi 主演: 志田未来 Mirai Shida / 神木...
2010 / 日本 / 动画 奇幻 冒险","8.7","曾经的那段美好会沉淀为一辈子的记忆。","250463人评价"
"岁月神偷","/ 歲月神偷","https://movie.douban.com/subject/3792799/","导演: 罗启锐 Alex Law 主演: 吴君如 Sandra Ng / 任达华 Simon Yam / 钟绍...
2010 / 香港 中国大陆 / 剧情 家庭","8.6","岁月流逝，来日可追。","343428人评价"
"萤火虫之墓","/ 火垂るの墓","https://movie.douban.com/subject/1293318/","导演: 高畑勋 Isao Takahata 主演: 辰己努 / 白石绫乃 / 志乃原良子
1988 / 日本 / 动画 剧情 战争","8.7","幸福是生生不息，却难以触及的远。","231823人评价"
"杀人回忆","/ 살인의 추억","https://movie.douban.com/subject/1300299/","导演: 奉俊昊 Joon-ho Bong 主演: 宋康昊 Kang-ho Song / 金相庆 Sang-kyun...
2003 / 韩国 / 犯罪 剧情 悬疑 惊悚","8.7","关于连环杀人悬案的集体回忆。","240474人评价"
"七武士","/ 七人の侍","https://movie.douban.com/subject/1295399/","导演: 黑泽明 Akira Kurosawa 主演: 三船敏郎 Toshirô Mifune / 志村乔 ...
1954 / 日本 / 动作 冒险 剧情","9.2","时代悲歌。","90031人评价"
"怪兽电力公司","/ Monsters, Inc.","https://movie.douban.com/subject/1291579/","导演: 彼特·道格特 Pete Docter / 大卫·斯沃曼 David Silverman 主演: 约...
2001 / 美国 / 儿童 喜剧 动画 奇幻 冒险","8.6","不要给它起名字，起了名字就有感情了。","286641人评价"
"谍影重重3","/ The Bourne Ultimatum","https://movie.douban.com/subject/1578507/","导演: 保罗·格林格拉斯 Paul Greengrass 主演: 马特·达蒙 Matt Damon / ...
2007 / 美国 德国 / 动作 悬疑 惊悚","8.7","像吃了苏打饼一样干脆的电影。","208122人评价"
"喜宴","/ 囍宴","https://movie.douban.com/subject/1303037/","导演: 李安 Ang Lee 主演: 赵文瑄 Winston Chao / 郎雄 Sihung Lung / 归亚...
1993 / 台湾 美国 / 剧情 喜剧 爱情 同性 家庭","8.8","中国家庭的喜怒哀乐忍。","161617人评价"
"电锯惊魂","/ Saw","https://movie.douban.com/subject/1417598/","导演: 詹姆斯·温 James Wan 主演: 雷·沃纳尔 Leigh Whannell / 加利·艾...
2004 / 美国 / 悬疑 惊悚 恐怖","8.7","真相就在眼前。","226472人评价"
"贫民窟的百万富翁","/ Slumdog Millionaire","https://movie.douban.com/subject/2209573/","导演: 丹尼·鲍尔 Danny Boyle / 洛芙琳·坦丹 Loveleen Tandan 主演: 戴夫...
2008 / 英国 美国 / 剧情 爱情","8.5","上帝之城+猜火车+阿甘正传+开心辞典=山寨富翁","436833人评价"
"东邪西毒","/ 東邪西毒","https://movie.douban.com/subject/1292328/","导演: 王家卫 Kar Wai Wong 主演: 张国荣 Leslie Cheung / 林青霞 Brigitte...
1994 / 香港 台湾 / 剧情 动作 爱情 武侠 古装","8.6","电影诗。","291928人评价"
"真爱至上","/ Love Actually","https://movie.douban.com/subject/1292401/","导演: 理查德·柯蒂斯 Richard Curtis 主演: 休·格兰特 Hugh Grant / 柯林...
2003 / 英国 美国 法国 / 喜剧 剧情 爱情","8.5","爱，是个动词。","352826人评价"
"记忆碎片","/ Memento","https://movie.douban.com/subject/1304447/","导演: 克里斯托弗·诺兰 Christopher Nolan 主演: 盖·皮尔斯 Guy Pearce /...
2000 / 美国 / 犯罪 剧情 悬疑 惊悚","8.6","一个针管引发的血案。","317634人评价"
"黑天鹅","/ Black Swan","https://movie.douban.com/subject/1978709/","导演: 达伦·阿罗诺夫斯基 Darren Aronofsky 主演: 娜塔莉·波特曼 Natalie...
2010 / 美国 / 剧情 惊悚","8.5","黑暗之美。","471243人评价"
"疯狂原始人","/ The Croods","https://movie.douban.com/subject/1907966/","导演: 科克·德·米科 Kirk De Micco / 克里斯·桑德斯 Chris Sanders 主演...
2013 / 美国 / 喜剧 动画 冒险","8.7","老少皆宜，这就是好莱坞动画的魅力。","422982人评价"
"小森林 冬春篇","/ リトル・フォレスト 冬・春","https://movie.douban.com/subject/25814707/","导演: 森淳一 Junichi Mori 主演: 桥本爱 Ai Hashimoto / 三浦贵大 Takahir...
2015 / 日本 / 剧情","9.0","尊敬他人，尊敬你生活的这片土地，明白孤独是人生的常态。","145031人评价"
"请以你的名字呼唤我","/ Call Me by Your Name","https://movie.douban.com/subject/26799731/","导演: 卢卡·圭达尼诺 Luca Guadagnino 主演: 蒂莫西·柴勒梅德 Timothée ...
2017 / 意大利 法国 巴西 美国 / 剧情 爱情 同性","8.8","沉醉在电影的情感和视听氛围中无法自拔。","222744人评价"
"哈利·波特与死亡圣器(下)","/ Harry Potter and the Deathly Hallows: Part 2","https://movie.douban.com/subject/3011235/","导演: 大卫·叶茨 David Yates 主演: 丹尼尔·雷德克里夫 Daniel Radcliffe...
2011 / 美国 英国 / 剧情 悬疑 奇幻 冒险","8.7","10年的完美句点。","318717人评价"
"雨人","/ Rain Man","https://movie.douban.com/subject/1291870/","导演: 巴瑞·莱文森 Barry Levinson 主演: 达斯汀·霍夫曼 Dustin Hoffman ...
1988 / 美国 / 剧情","8.6","生活在自己的世界里，也可以让周围的人显得可笑和渺小。","231827人评价"
"萤火之森","/ 蛍火の杜へ","https://movie.douban.com/subject/5989818/","导演: 大森贵弘 Takahiro Omori 主演: 佐仓绫音 Ayane Sakura / 内山昂辉 K...
2011 / 日本 / 剧情 爱情 动画 奇幻","8.8","触不到的恋人。","192850人评价"
"海洋","/ Océans","https://movie.douban.com/subject/3443389/","导演: 雅克·贝汉 Jacques Perrin / 雅克·克鲁奥德 Jacques Cluzaud 主演:...
2009 / 法国 瑞士 西班牙 美国 阿联酋 / 纪录片","9.0","大海啊，不全是水。","106303人评价"
"英雄本色","","","导演: 吴宇森 John Woo 主演: 周润发 Yun-Fat Chow / 狄龙 Lung Ti / 张国...
1986 / 香港 / 动作 犯罪","8.6","英雄泪短，兄弟情长。","204454人评价"
"7号房的礼物","/ 7번방의 선물","https://movie.douban.com/subject/10777687/","导演: 李焕庆 Hwan-kyeong Lee 主演: 柳承龙 Seung-yong Ryoo / 朴信惠 Shi...
2013 / 韩国 / 剧情 喜剧 家庭","8.7","《我是山姆》的《美丽人生》。","209898人评价"
"卢旺达饭店","/ Hotel Rwanda","https://movie.douban.com/subject/1291822/","导演: 特瑞·乔治 Terry George 主演: 唐·钱德尔 Don Cheadle / 苏菲·奥...
2004 / 英国 南非 意大利 美国 / 剧情 历史 战争","8.9","当这个世界闭上双眼，他却敞开了怀抱。","138362人评价"
"心迷宫","","","导演: 忻钰坤 Yukun Xin 主演: 霍卫民 Weimin Huo / 王笑天 Xiaotian Wang ...
2014 / 中国大陆 / 剧情 犯罪 悬疑","8.7","荒诞讽刺，千奇百巧，抽丝剥茧，百转千回。","215255人评价"
"荒蛮故事","/ Relatos salvajes","https://movie.douban.com/subject/24750126/","导演: 达米安·斯兹弗隆 Damián Szifron 主演: 达里奥·葛兰帝内提 Darío...
2014 / 阿根廷 西班牙 / 剧情 喜剧 犯罪","8.8","始于荒诞，止于更荒诞。","172359人评价"
"傲慢与偏见","/ Pride & Prejudice","https://movie.douban.com/subject/1418200/","导演: 乔·怀特 Joe Wright 主演: 凯拉·奈特莉 Keira Knightley / 马修·...
2005 / 法国 英国 美国 / 剧情 爱情","8.5","爱是摈弃傲慢与偏见之后的曙光。","349445人评价"
"超能陆战队","/ Big Hero 6","https://movie.douban.com/subject/11026735/","导演: 唐·霍尔 Don Hall / 克里斯·威廉姆斯 Chris Williams 主演: 斯科特...
2014 / 美国 / 喜剧 动作 科幻 动画 冒险","8.6","Balalala~~~","436945人评价"
"虎口脱险","/ La grande vadrouille","https://movie.douban.com/subject/1296909/","导演: 杰拉尔·乌里 Gérard Oury 主演: 路易·德·菲耐斯 Louis de Funès...
1966 / 法国 英国 / 喜剧 战争","8.9","永远看不腻的喜剧。","119638人评价"
"唐伯虎点秋香","/ 唐伯虎點秋香","https://movie.douban.com/subject/1306249/","导演: 李力持 Lik-Chi Lee 主演: 周星驰 Stephen Chow / 巩俐 Li Gong / 陈...
1993 / 香港 / 喜剧 爱情 古装","8.4","华太师是黄霑，吴镇宇四大才子之一。","400678人评价"
"海边的曼彻斯特","/ Manchester by the Sea","https://movie.douban.com/subject/25980443/","导演: 肯尼斯·罗纳根 Kenneth Lonergan 主演: 卡西·阿弗莱克 Casey Affle...
2016 / 美国 / 剧情 家庭","8.6","我们都有权利不与自己的过去和解。","236971人评价"
"蝙蝠侠：黑暗骑士崛起","/ The Dark Knight Rises","https://movie.douban.com/subject/3395373/","导演: 克里斯托弗·诺兰 Christopher Nolan 主演: 克里斯蒂安·贝尔 Christ...
2012 / 美国 英国 / 剧情 动作 科幻 犯罪 惊悚","8.6","诺兰就是保证。","337294人评价"
"燃情岁月","/ Legends of the Fall","https://movie.douban.com/subject/1295865/","导演: 爱德华·兹威克 Edward Zwick 主演: 安东尼·霍普金斯 Anthony Hopki...
1994 / 美国 / 剧情 爱情 西部 家庭","8.7","传奇，不是每个人都可以拥有。","162783人评价"
"教父3","/ The Godfather: Part III","https://movie.douban.com/subject/1294240/","导演: 弗朗西斯·福特·科波拉 Francis Ford Coppola 主演: 阿尔·帕西诺 A...
1990 / 美国 / 剧情 犯罪","8.8","任何信念的力量，都无法改变命运。","152691人评价"
"纵横四海","/ 緃横四海","https://movie.douban.com/subject/1295409/","导演: 吴宇森 John Woo 主演: 周润发 Yun-Fat Chow / 张国荣 Leslie Cheung...
1991 / 香港 / 剧情 喜剧 动作 犯罪","8.7","香港浪漫主义警匪动作片的巅峰之作。","174581人评价"
"时空恋旅人","/ About Time","https://movie.douban.com/subject/10577869/","导演: 理查德·柯蒂斯 Richard Curtis 主演: 多姆纳尔·格利森 Domhnall Gl...
2013 / 英国 / 剧情 爱情 奇幻","8.6","把每天当作最后一天般珍惜度过，积极拥抱生活，就是幸福。","239125人评价"
"玩具总动员3","/ Toy Story 3","https://movie.douban.com/subject/1858711/","导演: 李·昂克里奇 Lee Unkrich 主演: 汤姆·汉克斯 Tom Hanks / 蒂姆·艾...
2010 / 美国 / 喜剧 动画 奇幻 冒险","8.8","跨度十五年的欢乐与泪水。","219007人评价"
"恋恋笔记本","/ The Notebook","https://movie.douban.com/subject/1309163/","导演: 尼克·卡索维茨 Nick Cassavetes 主演: 瑞恩·高斯林 Ryan Gosling /...
2004 / 美国 / 剧情 爱情","8.5","爱情没有那么多借口，如果不能圆满，只能说明爱的不够。","324456人评价"
"完美的世界","/ A Perfect World","https://movie.douban.com/subject/1300992/","导演: 克林特·伊斯特伍德 Clint Eastwood 主演: 凯文·科斯特纳 Kevin Cos...
1993 / 美国 / 剧情 犯罪","9.0","坏人的好总是比好人的好来得更感人。","94909人评价"
"花样年华","/ 花樣年華","https://movie.douban.com/subject/1291557/","导演: 王家卫 Kar Wai Wong 主演: 梁朝伟 Tony Leung Chiu Wai / 张曼玉 Ma...
2000 / 香港 / 剧情 爱情","8.5","偷情本没有这样美。","280444人评价"
"无人知晓","/ 誰も知らない","https://movie.douban.com/subject/1292337/","导演: 是枝裕和 Hirokazu Koreeda 主演: 柳乐优弥 Yûya Yagira / 北浦爱...
2004 / 日本 / 剧情","9.1","我的平常生活就是他人的幸福。","87507人评价"
"达拉斯买家俱乐部","/ Dallas Buyers Club","https://movie.douban.com/subject/1793929/","导演: 让-马克·瓦雷 Jean-Marc Vallée 主演: 马修·麦康纳 Matthew McCon...
2013 / 美国 / 剧情 传记 同性","8.7","Jared Leto的腿比女人还美！","214719人评价"
"二十二","","","导演: 郭柯 Ke Guo 主演:
2015 / 中国大陆 / 纪录片","8.7","有一些东西不应该被遗忘。","125989人评价"
"雨中曲","/ Singin' in the Rain","https://movie.douban.com/subject/1293460/","导演: Stanley Donen / Gene Kelly 主演: Gene Kelly / Donald O'Connor / ...
1952 / 美国 / 喜剧 歌舞 爱情","9.0","骨灰级歌舞片。","104239人评价"
"猜火车","/ Trainspotting","https://movie.douban.com/subject/1292528/","导演: 丹尼·博伊尔 Danny Boyle 主演: 伊万·麦克格雷格 Ewan McGregor / ...
1996 / 英国 / 犯罪 剧情","8.5","不可猜的青春迷笛。","273453人评价"
"魂断蓝桥","/ Waterloo Bridge","https://movie.douban.com/subject/1293964/","导演: Mervyn LeRoy 主演: Vivien Leigh / Robert Taylor / Lucile Watson
1940 / 美国 / 剧情 战争 爱情","8.8","中国式内在的美国电影。","143775人评价"
"穿越时空的少女","/ 時をかける少女","https://movie.douban.com/subject/1937946/","导演: 细田守 Mamoru Hosoda 主演: 仲里依纱 Riisa Naka / 石田卓也 Takuya...
2006 / 日本 / 剧情 爱情 科幻 动画","8.6","爱上未来的你。","207391人评价"
"血战钢锯岭","/ Hacksaw Ridge","https://movie.douban.com/subject/26325320/","导演: 梅尔·吉布森 Mel Gibson 主演: 安德鲁·加菲尔德 Andrew Garfield /...
2016 / 美国 澳大利亚 / 剧情 传记 历史 战争","8.7","优秀的战争片不会美化战场，不会粉饰死亡，不会矮化敌人，不会无视常识，最重要的，不会宣扬战争。","374581人评价"
"我是山姆","/ I Am Sam","https://movie.douban.com/subject/1306861/","导演: 杰茜·尼尔森 Jessie Nelson 主演: Sean Penn / Dakota Fanning / Mi...
2001 / 美国 / 剧情 家庭","8.8","爱并不需要智商 。","121131人评价"
"冰川时代","/ Ice Age","https://movie.douban.com/subject/1291578/","导演: 卡洛斯·沙尔丹哈 Carlos Saldanha / 克里斯·韦奇 Chris Wedge 主演...
2002 / 美国 / 喜剧 动画 冒险","8.5","松鼠才是角儿。","311485人评价"
"人工智能","/ Artificial Intelligence: AI","https://movie.douban.com/subject/1302827/","导演: 史蒂文·斯皮尔伯格 Steven Spielberg 主演: 海利·乔·奥斯蒙 Haley...
2001 / 美国 / 冒险 剧情 科幻","8.6","对爱的执着，可以超越一切。","215732人评价"
"爆裂鼓手","/ Whiplash","https://movie.douban.com/subject/25773932/","导演: 达米安·沙泽勒 Damien Chazelle 主演: 迈尔斯·特勒 Miles Teller /...
2014 / 美国 / 剧情 音乐","8.6","这个世界从不善待努力的人，努力了也不一定会成功，但是知道自己在努力，就是活下去的动力。","270903人评价"
"浪潮","/ Die Welle","https://movie.douban.com/subject/2297265/","导演: 丹尼斯·甘塞尔 Dennis Gansel 主演: 尤尔根·沃格尔 Jürgen Vogel ...
2008 / 德国 / 剧情 惊悚","8.7","世界离独裁只有五天。","149393人评价"
"朗读者","/ The Reader","https://movie.douban.com/subject/2213597/","导演: 史蒂芬·戴德利 Stephen Daldry 主演: 凯特·温丝莱特 Kate Winslet ...
2008 / 美国 德国 / 剧情 爱情","8.5","当爱情跨越年龄的界限，它似乎能变得更久远一点，成为一种责任，一种水到渠成的相濡以沫。","301729人评价"
"罗生门","/ 羅生門","https://movie.douban.com/subject/1291879/","导演: 黑泽明 Akira Kurosawa 主演: 三船敏郎 Toshirô Mifune / 千秋实 ...
1950 / 日本 / 犯罪 剧情 悬疑","8.7","人生的N种可能性。","144504人评价"
"未麻的部屋","/ Perfect Blue","https://movie.douban.com/subject/1395091/","导演: 今敏 Satoshi Kon 主演: 岩男润子 Junko Iwao / 松本梨香 Rica Matsu...
1997 / 日本 / 动画 奇幻 惊悚","8.8","好的剧本是，就算你猜到了结局也猜不到全部。","115732人评价"
"香水","/ Perfume: The Story of a Murderer","https://movie.douban.com/subject/1760622/","导演: 汤姆·提克威 Tom Tykwer 主演: 本·卫肖 Ben Whishaw / 艾伦·瑞克...
2006 / 德国 法国 西班牙 美国 / 剧情 犯罪 奇幻","8.4","一个单凭体香达到高潮的男人。","309952人评价"
"被解救的姜戈","/ Django Unchained","https://movie.douban.com/subject/6307447/","导演: 昆汀·塔伦蒂诺 Quentin Tarantino 主演: 杰米·福克斯 Jamie Foxx /...
2012 / 美国 / 剧情 动作 西部 冒险","8.6","热血沸腾，那个低俗、性感的无耻混蛋又来了。","292672人评价"
"头脑特工队","/ Inside Out","https://movie.douban.com/subject/10533913/","导演: 彼特·道格特 Pete Docter / 罗纳尔多·德尔·卡门 Ronaldo Del Carmen &nb...
2015 / 美国 / 喜剧 动画 冒险","8.7","愿我们都不用长大，每一座城堡都能永远存在。","268751人评价"
"阿飞正传","/ 阿飛正傳","https://movie.douban.com/subject/1305690/","导演: 王家卫 Kar Wai Wong 主演: 张国荣 Leslie Cheung / 张曼玉 Maggie C...
1990 / 香港 / 犯罪 剧情 爱情","8.5","王家卫是一种风格，张国荣是一个代表。","237708人评价"
"可可西里","","","导演: 陆川 Chuan Lu 主演: 多布杰 Duobujie / 张磊 Lei Zhang / 亓亮 Qi L...
2004 / 中国大陆 香港 / 剧情 犯罪","8.7","坚硬的信仰。","145560人评价"
"恐怖游轮","/ Triangle","https://movie.douban.com/subject/3011051/","导演: 克里斯托弗·史密斯 Christopher Smith 主演: 梅利莎·乔治 Melissa ...
2009 / 英国 澳大利亚 / 剧情 悬疑 惊悚","8.4","不要企图在重复中寻找已经失去的爱。","374104人评价"
"你的名字。","/ 君の名は。","https://movie.douban.com/subject/26683290/","导演: 新海诚 Makoto Shinkai 主演: 神木隆之介 Ryûnosuke Kamiki / 上...
2016 / 日本 / 剧情 爱情 动画","8.4","穿越错位的时空，仰望陨落的星辰，你没留下你的名字，我却无法忘记那句“我爱你”。","568865人评价"
"一次别离","/ جدایی نادر از سیمین","https://movie.douban.com/subject/5964718/","导演: 阿斯哈·法哈蒂 Asghar Farhadi 主演: 佩曼·莫阿迪 Peyman Moadi /...
2011 / 伊朗 法国 / 剧情 家庭","8.7","只有有信仰的人才能说出事实真相。","147370人评价"
"房间","/ Room","https://movie.douban.com/subject/25724855/","导演: 伦尼·阿伯拉罕森 Lenny Abrahamson 主演: 布丽·拉尔森 Brie Larson...
2015 / 爱尔兰 加拿大 英国 美国 / 剧情 家庭","8.8","被偷走的岁月，被伤害的生命，被禁锢的灵魂，终将被希望和善意救赎。","183507人评价"
"追随","/ Following","https://movie.douban.com/subject/1397546/","导演: 克里斯托弗·诺兰 Christopher Nolan 主演: 杰里米·西奥伯德 Jeremy...
1998 / 英国 / 犯罪 悬疑 惊悚","8.9","诺兰的牛逼来源于内心散发出的恐惧。","91863人评价"
"撞车","/ Crash","https://movie.douban.com/subject/1388216/","导演: 保罗·哈吉斯 Paul Haggis 主演: 桑德拉·布洛克 Sandra Bullock / ...
2004 / 美国 德国 / 犯罪 剧情","8.6","天使与魔鬼的冲撞。","192107人评价"
"战争之王","/ Lord of War","https://movie.douban.com/subject/1419936/","导演: 安德鲁·尼科尔 Andrew Niccol 主演: 尼古拉斯·凯奇 Nicolas Cage /...
2005 / 美国 法国 / 剧情 犯罪","8.6","做一颗让别人需要你的棋子。","192795人评价"
"模仿游戏","/ The Imitation Game","https://movie.douban.com/subject/10463953/","导演: 莫腾·泰杜姆 Morten Tyldum 主演: 本尼迪克特·康伯巴奇 Benedict C...
2014 / 英国 美国 / 剧情 传记 战争 同性","8.6","他给机器起名“克里斯托弗”，因为这是他初恋的名字。","292262人评价"
"地球上的星星","/ Taare Zameen Par","https://movie.douban.com/subject/2363506/","导演: 阿米尔·汗 Aamir Khan 主演: 达席尔·萨法瑞 Darsheel Safary / 阿...
2007 / 印度 / 剧情 儿童 家庭","8.8","天使保护事件始末。","97321人评价"
"一个叫欧维的男人决定去死","/ En man som heter Ove","https://movie.douban.com/subject/26628357/","导演: 汉内斯·赫尔姆 Hannes Holm 主演: 罗夫·拉斯加德 Rolf Lassgård...
2015 / 瑞典 / 剧情","8.8","惠及一生的美丽。","147215人评价"
"魔女宅急便","/ 魔女の宅急便","https://movie.douban.com/subject/1307811/","导演: 宫崎骏 Hayao Miyazaki 主演: 高山南 Minami Takayama / 佐久间玲 Re...
1989 / 日本 / 动画 奇幻 冒险","8.5","宫崎骏的电影总让人感觉世界是美好的，阳光明媚的。","222533人评价"
"忠犬八公物语","/ ハチ公物語","https://movie.douban.com/subject/1959195/","导演: Seijirô Kôyama 主演: 山本圭 Kei Yamamoto / 井川比佐志 Hisa...
1987 / 日本 / 剧情","9.0","养狗三日，便会对你终其一生。","72108人评价"
"谍影重重","/ The Bourne Identity","https://movie.douban.com/subject/1304102/","导演: 道格·里曼 Doug Liman 主演: 马特·达蒙 Matt Damon / 弗兰卡·波坦...
2002 / 美国 德国 捷克 / 动作 悬疑 惊悚","8.5","哗啦啦啦啦，天在下雨，哗啦啦啦啦，云在哭泣……找自己。","217542人评价"
"牯岭街少年杀人事件","/ 牯嶺街少年殺人事件","https://movie.douban.com/subject/1292329/","导演: 杨德昌 Edward Yang 主演: 张震 Chen Chang / 杨静怡 Lisa Yang / 张...
1991 / 台湾 / 剧情 犯罪","8.8","弱者送给弱者的一刀。","121768人评价"
"完美陌生人","/ Perfetti sconosciuti","https://movie.douban.com/subject/26614893/","导演: 保罗·格诺维瑟 Paolo Genovese 主演: 马可·贾利尼 Marco Giallini ...
2016 / 意大利 / 剧情 喜剧","8.6","来啊，互相伤害啊！","241930人评价"
"谍影重重2","/ The Bourne Supremacy","https://movie.douban.com/subject/1308767/","导演: 保罗·格林格拉斯 Paul Greengrass 主演: 马特·达蒙 Matt Damon / ...
2004 / 美国 德国 / 动作 悬疑 惊悚","8.6","谁说王家卫镜头很晃？","180614人评价"
"梦之安魂曲","/ Requiem for a Dream","https://movie.douban.com/subject/1292270/","导演: 达伦·阿伦诺夫斯基 Darren Aronofsky 主演: 艾伦·伯斯汀 Ellen Bur...
2000 / 美国 / 剧情","8.7","一场没有春天的噩梦。","124725人评价"
"哪吒闹海","","","导演: 严定宪 Dingxian Yan / 王树忱 Shuchen Wang 主演: 梁正晖 Zhenghui ...
1979 / 中国大陆 / 冒险 动画 奇幻","8.9","想你时你在闹海。","94714人评价"
"青蛇","","","导演: 徐克 Hark Tsui 主演: 张曼玉 Maggie Cheung / 王祖贤 Joey Wang / ...
1993 / 香港 / 剧情 奇幻 古装","8.5","人生如此，浮生如斯。谁人言，花彼岸，此生情长意短。谁都是不懂爱的罢了。","253303人评价"
"惊魂记","/ Psycho","https://movie.douban.com/subject/1293181/","导演: Alfred Hitchcock 主演: Janet Leigh / Anthony Perkins / Vera Miles
1960 / 美国 / 悬疑 惊悚 恐怖","8.9","故事的反转与反转，分裂电影的始祖。","96531人评价"
"再次出发之纽约遇见你","/ Begin Again","https://movie.douban.com/subject/6874403/","导演: 约翰·卡尼 John Carney 主演: 凯拉·奈特莉 Keira Knightley / 马克...
2013 / 美国 / 喜剧 爱情 音乐","8.5","爱我就给我看你的播放列表。","198221人评价"
"小萝莉的猴神大叔","/ Bajrangi Bhaijaan","https://movie.douban.com/subject/26393561/","导演: 卡比尔·汗 Kabir Khan 主演: 萨尔曼·汗 Salman Khan / 哈莎莉·马...
2015 / 印度 / 剧情 喜剧 动作","8.5","宝莱坞的萝莉与大叔。","197777人评价"
"黑客帝国3：矩阵革命","/ The Matrix Revolutions","https://movie.douban.com/subject/1302467/","导演: Andy Wachowski / Larry Wachowski 主演: Keanu Reeves / Laurence F...
2003 / 美国 澳大利亚 / 动作 科幻","8.6","不得不说，《黑客帝国》系列是商业片与科幻、哲学完美结合的典范。","178832人评价"
"东京物语","/ 東京物語","https://movie.douban.com/subject/1291568/","导演: 小津安二郎 Yasujirô Ozu 主演: 笠智众 Chishû Ryû / 原节...
1953 / 日本 / 剧情 家庭","9.2","东京那么大，如果有一天走失了，恐怕一辈子不能再相见。","59075人评价"
"新龙门客栈","/ 新龍門客棧","https://movie.douban.com/subject/1292287/","导演: 李惠民 Raymond Lee 主演: 张曼玉 Maggie Cheung / 林青霞 Brigitte ...
1992 / 香港 中国大陆 / 剧情 动作 武侠 古装","8.5","嬉笑怒骂，调风动月。","210527人评价"
"源代码","/ Source Code","https://movie.douban.com/subject/3075287/","导演: 邓肯·琼斯 Duncan Jones 主演: 杰克·吉伦哈尔 Jake Gyllenhaal / ...
2011 / 美国 加拿大 / 科幻 悬疑 惊悚","8.4","邓肯·琼斯继《月球》之后再度奉献出一部精彩绝伦的科幻佳作。","449684人评价"
"步履不停","/ 歩いても 歩いても","https://movie.douban.com/subject/2222996/","导演: 是枝裕和 Hirokazu Koreeda 主演: 阿部宽 Hiroshi Abe / 夏川结衣 Yu...
2008 / 日本 / 剧情 家庭","8.8","日本的家庭电影已经是世界巅峰了，步履不停是巅峰中的佳作。","101819人评价"
"终结者2：审判日","/ Terminator 2: Judgment Day","https://movie.douban.com/subject/1291844/","导演: 詹姆斯·卡梅隆 James Cameron 主演: 阿诺·施瓦辛格 Arnold Schwarz...
1991 / 美国 法国 / 动作 科幻","8.6","少见的超越首部的续集，动作片中的经典。","158168人评价"
"海街日记","/ 海街diary","https://movie.douban.com/subject/25895901/","导演: 是枝裕和 Hirokazu Koreeda 主演: 绫濑遥 Haruka Ayase / 长泽雅美 M...
2015 / 日本 / 剧情 家庭","8.7","是枝裕和的家庭习作。","161059人评价"
"绿里奇迹","/ The Green Mile","https://movie.douban.com/subject/1300374/","导演: Frank Darabont 主演: 汤姆·汉克斯 Tom Hanks / 大卫·摩斯 David M...
1999 / 美国 / 犯罪 剧情 奇幻 悬疑","8.7","天使暂时离开。","120380人评价"
"末路狂花","/ Thelma & Louise","https://movie.douban.com/subject/1291992/","导演: 雷德利·斯科特 Ridley Scott 主演: 吉娜·戴维斯 Geena Davis / 苏...
1991 / 美国 法国 / 犯罪 剧情 惊悚","8.7","没有了退路，只好飞向自由。","117522人评价"
"秒速5厘米","/ 秒速5センチメートル","https://movie.douban.com/subject/2043546/","导演: 新海诚 Makoto Shinkai 主演: 水桥研二 Kenji Mizuhashi / 近藤好美 ...
2007 / 日本 / 动画 剧情 爱情","8.3","青春就是放弃和怀念。","341348人评价"
"初恋这件小事","/ สิ่งเล็กเล็กที่เรียกว่า...รัก","https://movie.douban.com/subject/4739952/","导演: 普特鹏·普罗萨卡·那·萨克那卡林 Puttipong Promsaka Na Sakolnakorn / 华森·波克彭...
2010 / 泰国 / 剧情 喜剧 爱情","8.3","黑小鸭速效美白记。","519297人评价"
"城市之光","/ City Lights","https://movie.douban.com/subject/1293908/","导演: Charles Chaplin 主演: 查理·卓别林 Charles Chaplin / 弗吉尼亚·...
1931 / 美国 / 喜剧 剧情 爱情","9.2","永远的小人物，伟大的卓别林。","51647人评价"
"碧海蓝天","/ Le grand bleu","https://movie.douban.com/subject/1300960/","导演: Luc Besson 主演: 让-马克·巴尔 Jean-Marc Barr / 让·雷诺 Jean Re...
1988 / 法国 美国 意大利 / 剧情 爱情","8.7","在那片深蓝中，感受来自大海的忧伤寂寞与美丽自由。","114205人评价"
"无敌破坏王","/ Wreck-It Ralph","https://movie.douban.com/subject/6534248/","导演: 瑞奇·莫尔 Rich Moore 主演: 约翰·C·赖利 John C. Reilly / 萨拉...
2012 / 美国 / 喜剧 动画 奇幻 冒险","8.7","迪士尼和皮克斯拿错剧本的产物。","210862人评价"
"无耻混蛋","/ Inglourious Basterds","https://movie.douban.com/subject/1438652/","导演: Quentin Tarantino 主演: 布拉德·皮特 Brad Pitt / 梅拉尼·罗兰 M...
2009 / 美国 德国 / 剧情 犯罪","8.5","昆汀同学越来越变态了，比北野武还杜琪峰。","247953人评价"
"爱在午夜降临前","/ Before Midnight","https://movie.douban.com/subject/10808442/","导演: 理查德·林克莱特 Richard Linklater 主演: 伊桑·霍克 Ethan Hawke ...
2013 / 美国 / 剧情 爱情","8.8","所谓爱情，就是话唠一路，都不会心生腻烦，彼此嫌弃。","133703人评价"
"这个男人来自地球","/ The Man from Earth","https://movie.douban.com/subject/2300586/","导演: 理查德·沙因克曼 Richard Schenkman 主演: 大卫·李·史密斯 David ...
2007 / 美国 / 剧情 科幻","8.5","科幻真正的魅力不是视觉效果能取代的。","204527人评价"
"勇闯夺命岛","/ The Rock","https://movie.douban.com/subject/1292728/","导演: 迈克尔·贝 Michael Bay 主演: 肖恩·康纳利 Sean Connery / 尼古拉...
1996 / 美国 / 动作 冒险","8.6","类型片的极致。","156552人评价"
"疯狂的石头","","","导演: 宁浩 Hao Ning 主演: 郭涛 Tao Guo / 刘桦 Hua Liu / 连晋 Teddy Lin
2006 / 中国大陆 香港 / 喜剧 犯罪","8.3","中国版《两杆大烟枪》。","359833人评价"
"E.T. 外星人","/ E.T.: The Extra-Terrestrial","https://movie.douban.com/subject/1294638/","导演: Steven Spielberg 主演: Henry Thomas / Dee Wallace / Robert MacNa...
1982 / 美国 / 剧情 科幻","8.5","生病的E.T.皮肤的颜色就像柿子饼。","173287人评价"
"卡萨布兰卡","/ Casablanca","https://movie.douban.com/subject/1296753/","导演: Michael Curtiz 主演: 亨弗莱·鲍嘉 Humphrey Bogart / 英格丽·褒曼...
1942 / 美国 / 剧情 爱情 战争","8.6","世界上有那么多女人那么多酒馆，但她偏偏走进我的这家。","138144人评价"
"变脸","/ Face/Off","https://movie.douban.com/subject/1292659/","导演: 吴宇森 John Woo 主演: 约翰·特拉沃尔塔 John Travolta / 尼古拉斯...
1997 / 美国 / 动作 科幻 犯罪 惊悚","8.4","当发哥的风衣、墨镜出现在了凯奇身上⋯⋯","235903人评价"
"海盗电台","/ The Boat That Rocked","https://movie.douban.com/subject/3007773/","导演: 理查德·柯蒂斯 Richard Curtis 主演: 比尔·奈伊 Bill Nighy / 肯尼...
2009 / 英国 德国 法国 / 剧情 喜剧 音乐","8.6","生命不止，摇滚不死。","178241人评价"